{"incompleto - Amarela":{"Centro-Oeste":70.0751072961,"Nordeste":48.3089793642,"Norte":59.3630289532,"Sudeste":79.6115107914,"Sul":21.5361952862},"Incompleto - Branca":{"Centro-Oeste":1765.19527897,"Nordeste":1083.7451199108,"Norte":1116.7616926503,"Sudeste":4009.4652278177,"Sul":2919.9831649832}," incompleto - Ind\u00edgena":{"Centro-Oeste":23.0686695279,"Nordeste":13.9141104294,"Norte":44.1581291759,"Sudeste":9.2290167866,"Sul":8.313973064},"incompleto - Parda":{"Centro-Oeste":2325.5751072961,"Nordeste":2261.6073619632,"Norte":3205.7594654788,"Sudeste":2891.9022781775,"Sul":633.0993265993},"Incompleto - Preta":{"Centro-Oeste":318.1051502146,"Nordeste":364.6899051868,"Norte":311.8040089087,"Sudeste":648.889088729,"Sul":160.1287878788},"Superior completo - Amarela":{"Centro-Oeste":50.5622317597,"Nordeste":15.2342442833,"Norte":20.8530066815,"Sudeste":104.131294964,"Sul":26.4562289562},"Superior completo - Branca":{"Centro-Oeste":1550.6201716738,"Nordeste":619.8192972671,"Norte":578.868596882,"Sudeste":3459.7164268585,"Sul":1689.1414141414},"Superior completo - Ind\u00edgena":{"Centro-Oeste":5.313304721,"Nordeste":2.6391522588,"Norte":5.293986637,"Sudeste":3.412470024,"Sul":1.3846801347},"Superior completo - Parda":{"Centro-Oeste":769.1802575107,"Nordeste":505.4037925265,"Norte":742.6146993318,"Sudeste":646.7955635492,"Sul":105.6734006734},"Superior completo - Preta":{"Centro-Oeste":103.0214592275,"Nordeste":76.2554378137,"Norte":76.5634743875,"Sudeste":150.964028777,"Sul":30.845959596}}